description,priority
An unconscious person is not breathing normally,High
Severe chest pressure is worsening and the caller is gasping,High
Bleeding from the injury continues despite firm pressure,High
A toddler is choking and cannot make a sound,High
Facial swelling and wheezing started after a reaction,High
The patient is barely responsive after taking unknown pills,High
Sudden weakness and slurred speech began moments ago,High
A serious highway crash has left several people injured,High
A pedestrian is pinned beneath a vehicle,High
Residents are still inside as flames move through the house,High
Heavy smoke is spreading through an occupied building,High
Wildfire flames are moving toward nearby homes,High
An assault is underway and a person is threatening others,High
An armed person is threatening people in a public place,High
A package is emitting smoke beside a busy entrance,High
The car rolled over and the occupants are trapped,High
A person fell from a roof and is unconscious,High
Passengers are injured and trapped after a coach crash,High
The patient is not breathing well after taking too much medication,High
Gas is filling an occupied building and people cannot leave,High
A painful fracture is making it impossible to move the leg,Medium
A cut is still bleeding slowly and should be checked by a clinician,Medium
An alert older adult fell and has continuing hip pain,Medium
A cyclist is conscious after a crash but has a swollen arm,Medium
The kitchen flames are out but smoke remains in the room,Medium
An outlet is sparking and residents need help checking the area,Medium
Two cars have minor damage and one lane is blocked,Medium
The injured person is awake but has a headache after impact,Medium
Fever and weakness have lasted several days and need assessment,Medium
Repeated vomiting is continuing but the patient is alert,Medium
A child was reported missing recently and a search is needed,Medium
A shop was robbed earlier and the suspect is no longer present,Medium
A gas smell is noticeable outside and the source is not known,Medium
A traffic light failure is causing confusion at a busy crossing,Medium
A fallen tree blocks the road and needs removal,Medium
A brush fire is contained but needs monitoring,Medium
An ankle injury causes pain while walking,Medium
A confused person is awake and can answer some questions,Medium
A disabled vehicle is slowing traffic but no one is hurt,Medium
A loud dispute ended and those involved are separated,Medium
A tiny cut has stopped bleeding and needs basic cleaning,Low
A mild headache is present with no other symptoms,Low
The person felt briefly dizzy but is now walking normally,Low
A child has a slight fever and is active,Low
A parked car has a small dent and no one was injured,Low
A bicycle tipped over without causing any injury,Low
An alarm stopped and there is no smoke or heat,Low
A candle was put out quickly with no damage,Low
A calm dog is wandering nearby and no one is at risk,Low
A streetlight is out and the road is otherwise clear,Low
A noise concern was reported with no conflict,Low
Litter is on the pavement away from the roadway,Low
Traffic returned to normal after a delay and no one was injured,Low
A small outdoor pipe is dripping and not flooding nearby areas,Low
A bag is missing and the owner needs assistance searching,Low
A previous shop theft is being reported with no current danger,Low
A loose sign is on the sidewalk and does not block traffic,Low
A short power interruption ended and there is no ongoing hazard,Low
A minor scrape was cleaned and the person feels fine,Low
A cooking spill was wiped up with no smoke or flame,Low
Person is unconscious and not responding after collapsing,High
Caller reports severe chest pressure with difficulty breathing,High
There is heavy bleeding from a deep wound that will not stop,High
A child is choking and unable to breathe,High
Patient has signs of a severe allergic reaction and swelling,High
Someone swallowed a toxic chemical and is becoming drowsy,High
An elderly person suddenly cannot speak and one side is weak,High
Several people are injured after a high speed road collision,High
A pedestrian is trapped under a vehicle after being hit,High
People may be trapped inside a house with flames spreading,High
Thick smoke is filling an occupied apartment building,High
A fire is spreading quickly through dry grass toward homes,High
An active assault is occurring and someone has a weapon,High
A person is threatening nearby people with a knife,High
A suspicious package is smoking in a crowded public area,High
A vehicle has overturned and the occupants cannot get out,High
A person fell from a height and is unresponsive,High
Multiple patients are hurt in a bus crash,High
A person may have overdosed and is barely breathing,High
Gas is leaking inside a building and residents are still there,High
Person has a painful fracture and cannot put weight on the leg,Medium
Moderate bleeding from a cut is controlled with pressure,Medium
An older adult fell and is alert but needs medical assessment,Medium
A cyclist was knocked down and has a painful arm injury,Medium
A small kitchen fire is contained but the room is smoky,Medium
Smoke is coming from an electrical outlet but no flames are visible,Medium
A minor two-car collision is blocking one lane,Medium
One person has a head injury but is awake and speaking,Medium
A patient has a high fever and is becoming weak,Medium
A person has persistent vomiting after possible food poisoning,Medium
A missing child was last seen nearby within the past hour,Medium
A shop theft has just occurred and the suspect left the area,Medium
Neighbors report a strong gas odor outside with no visible leak,Medium
A traffic signal is broken at a busy intersection,Medium
A fallen tree is blocking a road but no one is injured,Medium
A small brush fire is contained away from buildings,Medium
Someone has a deep ankle sprain and cannot walk comfortably,Medium
A person is disoriented but awake after a minor fall,Medium
A vehicle is stalled on the roadside with no reported injuries,Medium
Several residents report a loud argument that has now stopped,Medium
A person has a small superficial cut and bleeding has stopped,Low
Someone has a mild headache and is alert with no other symptoms,Low
A person feels slightly dizzy but can walk and speak normally,Low
A child has a low fever and is playing normally,Low
A parked car has a small dent and nobody was hurt,Low
A bicycle has fallen over and there are no injuries,Low
A smoke alarm sounded briefly and there is no smoke or fire now,Low
A small candle flame was extinguished and caused no damage,Low
A dog is loose nearby but is calm and no one is hurt,Low
A streetlight is not working on a quiet road,Low
There is a minor noise complaint and no confrontation,Low
Some litter is scattered on the sidewalk,Low
A traffic jam has cleared and no collision injuries were reported,Low
A small amount of water is leaking from an outdoor pipe,Low
A person requests help locating a misplaced bag,Low
A store reports an old theft with no suspect on site,Low
A loose sign is lying on the pavement away from traffic,Low
A resident reports a brief power outage with no immediate danger,Low
A minor scrape needs cleaning and the person feels well,Low
There is a small contained cooking spill with no smoke or flame,Low
